|||Columns|
Rows|||Turkey|
||||
||||
Cereals And Other Crop Products|Production Quantity and 01.11.11.00.00. (Durum Buğdayı) - Tonne|2004|5000000.0|
||2005|4500000.0|
||2006|3500000.0|
||2007|2709000.0|
||2008|2782000.0|
||2009|3740000.0|
||2010|3450000.0|
||2011|3850000.0|
||2012|3300000.0|
||2013|4075000.0|
||2014|3300000.0|
||2015|4100000.0|
||2016|3620000.0|
||2017|3900000.0|
||2018|3500000.0|
||2019|3150000.0|
||2020|4000000.0|
||2021|3150000.0|
|Production Quantity and 01.11.12.00.00. (Buğday, Durum Buğdayı Hariç) - Tonne|2004|1.6E7|
||2005|1.7E7|
||2006|1.651E7|
||2007|1.4525E7|
||2008|1.5E7|
||2009|1.686E7|
||2010|1.6224E7|
||2011|1.795E7|
||2012|1.68E7|
||2013|1.7975E7|
||2014|1.57E7|
||2015|1.85E7|
||2016|1.698E7|
||2017|1.76E7|
||2018|1.65E7|
||2019|1.585E7|
||2020|1.65E7|
||2021|1.45E7|
|Production Quantity and 01.11.20.00.00. (Mısır) - Tonne|2004|3000000.0|
||2005|4200000.0|
||2006|3811000.0|
||2007|3535000.0|
||2008|4274000.0|
||2009|4250000.0|
||2010|4310000.0|
||2011|4200000.0|
||2012|4600000.0|
||2013|5900000.0|
||2014|5950000.0|
||2015|6400000.0|
||2016|6400000.0|
||2017|5900000.0|
||2018|5700000.0|
||2019|6000000.0|
||2020|6500000.0|
||2021|6750000.0|
|Production Quantity and 01.11.31.00.01. (Arpa (Biralık)) - Tonne|2004|900000.0|
||2005|900000.0|
||2006|951000.0|
||2007|640760.0|
||2008|523000.0|
||2009|650000.0|
||2010|600000.0|
||2011|630000.0|
||2012|590000.0|
||2013|560000.0|
||2014|481000.0|
||2015|620000.0|
||2016|390000.0|
||2017|400000.0|
||2018|400000.0|
||2019|400000.0|
||2020|600000.0|
||2021|250000.0|
|Production Quantity and 01.11.31.00.02. (Arpa (Diğer)) - Tonne|2004|8100000.0|
||2005|8600000.0|
||2006|8600000.0|
||2007|6666040.0|
||2008|5400000.0|
||2009|6650000.0|
||2010|6650000.0|
||2011|6970000.0|
||2012|6510000.0|
||2013|7340000.0|
||2014|5819000.0|
||2015|7380000.0|
||2016|6310000.0|
||2017|6700000.0|
||2018|6600000.0|
||2019|7200000.0|
||2020|7700000.0|
||2021|5500000.0|
|Production Quantity and 01.11.32.00.00. (Çavdar) - Tonne|2004|270000.0|
||2005|270000.0|
||2006|271000.0|
||2007|240540.0|
||2008|246521.0|
||2009|343330.0|
||2010|365560.0|
||2011|365750.0|
||2012|370000.0|
||2013|365000.0|
||2014|300000.0|
||2015|330000.0|
||2016|300000.0|
||2017|320000.0|
||2018|320000.0|
||2019|310000.0|
||2020|295681.0|
||2021|200000.0|
|Production Quantity and 01.11.33.00.00. (Yulaf) - Tonne|2004|275000.0|
||2005|270000.0|
||2006|208787.0|
||2007|189099.0|
||2008|196099.0|
||2009|218286.0|
||2010|203870.0|
||2011|218040.0|
||2012|210000.0|
||2013|235000.0|
||2014|210000.0|
||2015|250000.0|
||2016|225000.0|
||2017|250000.0|
||2018|260000.0|
||2019|265000.0|
||2020|314528.0|
||2021|276000.0|
|Production Quantity and 01.11.41.00.00. (Sorgum) - Tonne|2004|350.0|
||2005|200.0|
||2006|229.0|
||2007|116.0|
||2008|114.0|
||2009|390.0|
||2010|220.0|
||2011|180.0|
||2012|114.0|
||2013|361.0|
||2014|81.0|
||2015|4.0|
||2016|3.0|
||2017|3.0|
||2018|3.0|
||2019|4.0|
||2020|5.0|
||2021|25.0|
|Production Quantity and 01.11.42.00.00. (Darı) - Tonne|2004|7000.0|
||2005|7200.0|
||2006|6955.0|
||2007|7094.0|
||2008|6995.0|
||2009|7171.0|
||2010|6772.0|
||2011|6253.0|
||2012|4759.0|
||2013|5906.0|
||2014|6744.0|
||2015|6219.0|
||2016|5327.0|
||2017|4737.0|
||2018|4397.0|
||2019|4765.0|
||2020|5711.0|
||2021|4320.0|
|Production Quantity and 01.11.49.00.01. (Kaplıca) - Tonne|2004|8500.0|
||2005|7400.0|
||2006|6341.0|
||2007|6977.0|
||2008|7361.0|
||2009|7524.0|
||2010|7675.0|
||2011|7018.0|
||2012|6565.0|
||2013|13658.0|
||2014|6152.0|
||2015|4700.0|
||2016|4549.0|
||2017|6610.0|
||2018|13071.0|
||2019|3006.0|
||2020|2820.0|
||2021|4069.0|
|Production Quantity and 01.11.49.00.02. (Kuş Yemi) - Tonne|2004|560.0|
||2005|100.0|
||2006|61.0|
||2007|62.0|
||2008|17.0|
||2009|61.0|
||2010|83.0|
||2011|30.0|
||2012|2.0|
||2013|350.0|
||2014|353.0|
||2015|390.0|
||2016|670.0|
||2017|922.0|
||2018|1228.0|
||2019|3839.0|
||2020|12551.0|
||2021|6059.0|
|Production Quantity and 01.11.49.00.03. (Mahlut) - Tonne|2004|7500.0|
||2005|6700.0|
||2006|3971.0|
||2007|2826.0|
||2008|4126.0|
||2009|1673.0|
||2010|1100.0|
||2011|1005.0|
||2012|990.0|
||2013|993.0|
||2014|827.0|
||2015|825.0|
||2016|615.0|
||2017|495.0|
|Production Quantity and 01.11.49.00.04. (Triticale) - Tonne|2004|95000.0|
||2005|110000.0|
||2006|77642.0|
||2007|86476.0|
||2008|93723.0|
||2009|98716.0|
||2010|93270.0|
||2011|103797.0|
||2012|105000.0|
||2013|118000.0|
||2014|110000.0|
||2015|125000.0|
||2016|125000.0|
||2017|150000.0|
||2018|170000.0|
||2019|215090.0|
||2020|276212.0|
||2021|228000.0|
|Production Quantity and 01.11.49.00.05. (Kara Buğday) - Tonne|2021|1413.0|
|Production Quantity and 01.11.71.00. (Fasulye, Kuru) - Tonne|2004|250000.0|
||2005|210000.0|
||2006|195970.0|
||2007|154243.0|
||2008|154630.0|
||2009|181205.0|
||2010|212758.0|
||2011|200673.0|
||2012|200000.0|
||2013|195000.0|
||2014|215000.0|
||2015|235000.0|
||2016|235000.0|
||2017|239000.0|
||2018|220000.0|
||2019|225000.0|
||2020|279518.0|
||2021|305000.0|
|Production Quantity and 01.11.72.00.00. (Bakla, Kuru (İnsan Tüketimi İçin)) - Tonne|2004|20000.0|
||2005|22000.0|
||2006|10897.0|
||2007|11006.0|
||2008|10724.0|
||2009|11807.0|
||2010|8870.0|
||2011|7963.0|
||2012|7868.0|
||2013|7818.0|
||2014|6971.0|
||2015|6260.0|
||2016|6280.0|
||2017|6847.0|
||2018|5903.0|
||2019|5484.0|
||2020|5002.0|
||2021|4426.0|
|Production Quantity and 01.11.73.00.00. (Nohut, Kuru) - Tonne|2004|620000.0|
||2005|600000.0|
||2006|551746.0|
||2007|505366.0|
||2008|518026.0|
||2009|562564.0|
||2010|530634.0|
||2011|487477.0|
||2012|518000.0|
||2013|506000.0|
||2014|450000.0|
||2015|460000.0|
||2016|455000.0|
||2017|470000.0|
||2018|630000.0|
||2019|630000.0|
||2020|630000.0|
||2021|475000.0|
|Production Quantity and 01.11.74.00.01. (Mercimek, Kuru (Kırmızı)) - Tonne|2004|480000.0|
||2005|520000.0|
||2006|580298.0|
||2007|508378.0|
||2008|106361.0|
||2009|275050.0|
||2010|422000.0|
||2011|380000.0|
||2012|410000.0|
||2013|395000.0|
||2014|325000.0|
||2015|340000.0|
||2016|345000.0|
||2017|400000.0|
||2018|310000.0|
||2019|310000.0|
||2020|328418.0|
||2021|228000.0|
|Production Quantity and 01.11.74.00.02. (Mercimek, Kuru (Yeşil)) - Tonne|2004|60000.0|
||2005|50000.0|
||2006|42326.0|
||2007|26803.0|
||2008|24827.0|
||2009|27131.0|
||2010|25400.0|
||2011|25952.0|
||2012|28000.0|
||2013|22000.0|
||2014|20000.0|
||2015|20000.0|
||2016|20000.0|
||2017|30000.0|
||2018|43000.0|
||2019|43631.0|
||2020|42397.0|
||2021|35000.0|
|Production Quantity and 01.11.75.00.00. (Bezelye, Kuru) - Tonne|2004|3500.0|
||2005|3600.0|
||2006|4373.0|
||2007|3503.0|
||2008|3920.0|
||2009|3604.0|
||2010|3200.0|
||2011|3628.0|
||2012|2686.0|
||2013|3235.0|
||2014|2987.0|
||2015|3125.0|
||2016|2919.0|
||2017|2673.0|
||2018|2603.0|
||2019|2193.0|
||2020|1538.0|
||2021|1805.0|
|Production Quantity and 01.11.79.00.01. (Börülce, Kuru) - Tonne|2004|2300.0|
||2005|2500.0|
||2006|2937.0|
||2007|1845.0|
||2008|3072.0|
||2009|3017.0|
||2010|2290.0|
||2011|2149.0|
||2012|2111.0|
||2013|2112.0|
||2014|2006.0|
||2015|1609.0|
||2016|1860.0|
||2017|1511.0|
||2018|1443.0|
||2019|1392.0|
||2020|1324.0|
||2021|1281.0|
|Production Quantity and 01.11.79.00.02. (Burçak (Dane)) - Tonne|2004|2500.0|
||2005|2300.0|
||2006|14863.0|
||2007|23850.0|
||2008|6093.0|
||2009|20509.0|
||2010|12100.0|
||2011|5549.0|
||2012|5037.0|
||2013|4885.0|
||2014|4403.0|
||2015|3765.0|
||2016|3996.0|
||2017|3349.0|
||2018|3371.0|
||2019|3277.0|
||2020|2162.0|
||2021|1336.0|
|Production Quantity and 01.11.79.00.03. (Buy (Çemen Otu)) - Tonne|2004|1000.0|
||2005|760.0|
||2006|632.0|
||2007|36.0|
||2008|195.0|
||2009|180.0|
||2010|200.0|
||2011|141.0|
||2012|67.0|
||2013|195.0|
||2014|218.0|
||2015|491.0|
||2016|914.0|
||2017|1521.0|
||2018|745.0|
||2019|645.0|
||2020|713.0|
||2021|816.0|
|Production Quantity and 01.11.79.00.04. (Mürdümük) - Tonne|2004|4500.0|
||2005|16200.0|
||2006|16117.0|
||2007|19742.0|
||2008|17562.0|
||2009|6938.0|
||2010|6826.0|
||2011|6739.0|
||2012|6399.0|
||2013|1482.0|
||2014|1291.0|
||2015|1202.0|
||2016|1075.0|
||2017|1005.0|
||2018|860.0|
||2019|1797.0|
||2020|1662.0|
||2021|1356.0|
|Production Quantity and 01.11.79.00.05. (Acı Bakla (İnsan Tüketimi İçin)) - Tonne|2004|500.0|
||2005|490.0|
||2006|482.0|
||2007|401.0|
||2008|289.0|
||2009|369.0|
||2010|381.0|
||2011|417.0|
||2012|423.0|
||2013|411.0|
||2014|411.0|
||2015|409.0|
||2016|411.0|
||2017|402.0|
||2018|356.0|
||2019|191.0|
||2020|207.0|
||2021|128.0|
|Production Quantity and 01.11.81.00.00. (Soya Fasulyesi) - Tonne|2004|50000.0|
||2005|29000.0|
||2006|47300.0|
||2007|30666.0|
||2008|34461.0|
||2009|38442.0|
||2010|86540.0|
||2011|102260.0|
||2012|122114.0|
||2013|180000.0|
||2014|150000.0|
||2015|161000.0|
||2016|165000.0|
||2017|140000.0|
||2018|140000.0|
||2019|150000.0|
||2020|155225.0|
||2021|182000.0|
|Production Quantity and 01.11.82.00.00. (Yerfıstığı, Kabuklu) - Tonne|2004|80000.0|
||2005|85000.0|
||2006|77454.0|
||2007|86409.0|
||2008|85274.0|
||2009|90081.0|
||2010|97310.0|
||2011|90416.0|
||2012|122780.0|
||2013|128265.0|
||2014|123600.0|
||2015|147537.0|
||2016|164186.0|
||2017|165330.0|
||2018|173835.0|
||2019|169328.0|
||2020|215927.0|
||2021|234167.0|
|Production Quantity and 01.11.84.00.00. (Pamuk Çekirdeği (Çiğit)) - Tonne|2004|1425850.0|
||2005|1291180.0|
||2006|1476556.0|
||2007|1320831.0|
||2008|1077440.0|
||2009|1021200.0|
||2010|1272800.0|
||2011|1527360.0|
||2012|1373440.0|
||2013|1287000.0|
||2014|1391200.0|
||2015|1213600.0|
||2016|1260000.0|
||2017|1470000.0|
||2018|1542000.0|
||2019|1320000.0|
||2020|1064189.0|
||2021|1350000.0|
|Production Quantity and 01.11.91.00.00. (Keten Tohumu) - Tonne|2004|80.0|
||2005|86.0|
||2006|84.0|
||2007|48.0|
||2008|40.0|
||2009|1.0|
||2012|13.0|
||2021|1.0|
|Production Quantity and 01.11.93.00.00. (Kanola Veya Kolza Tohumu) - Tonne|2004|4500.0|
||2005|1200.0|
||2006|12615.0|
||2007|28727.0|
||2008|83965.0|
||2009|113886.0|
||2010|106450.0|
||2011|91239.0|
||2012|110000.0|
||2013|102000.0|
||2014|110000.0|
||2015|120000.0|
||2016|125000.0|
||2017|60000.0|
||2018|125000.0|
||2019|180000.0|
||2020|121542.0|
||2021|140000.0|
|Production Quantity and 01.11.94.00.00. (Susam Tohumu) - Tonne|2004|23000.0|
||2005|26000.0|
||2006|26545.0|
||2007|20010.0|
||2008|20338.0|
||2009|21036.0|
||2010|23460.0|
||2011|18000.0|
||2012|16221.0|
||2013|15457.0|
||2014|17716.0|
||2015|18530.0|
||2016|19521.0|
||2017|18410.0|
||2018|17437.0|
||2019|16893.0|
||2020|18648.0|
||2021|17657.0|
|Production Quantity and 01.11.95.00.01. (Ayçiçeği Tohumu (Yağlık)) - Tonne|2004|800000.0|
||2005|865000.0|
||2006|1010000.0|
||2007|770000.0|
||2008|900387.0|
||2009|960300.0|
||2010|1170000.0|
||2011|1170000.0|
||2012|1200000.0|
||2013|1380000.0|
||2014|1480000.0|
||2015|1500000.0|
||2016|1500000.0|
||2017|1800000.0|
||2018|1800000.0|
||2019|1950000.0|
||2020|1900000.0|
||2021|2215000.0|
|Production Quantity and 01.11.95.00.02. (Ayçiçeği Tohumu (Çerezlik)) - Tonne|2004|100000.0|
||2005|110000.0|
||2006|108000.0|
||2007|84407.0|
||2008|91613.0|
||2009|96825.0|
||2010|150000.0|
||2011|165000.0|
||2012|170000.0|
||2013|143000.0|
||2014|157900.0|
||2015|180700.0|
||2016|170716.0|
||2017|164385.0|
||2018|149229.0|
||2019|150000.0|
||2020|167004.0|
||2021|200000.0|
|Production Quantity and 01.11.99.00.01. (Kenevir Tohumu) - Tonne|2004|30.0|
||2005|13.0|
||2006|13.0|
||2007|24.0|
||2008|12.0|
||2009|3.0|
||2010|7.0|
||2011|8.0|
||2012|4.0|
||2013|1.0|
||2014|1.0|
||2015|1.0|
||2016|1.0|
||2017|1.0|
||2018|3.0|
||2019|20.0|
||2020|273.0|
||2021|20.0|
|Production Quantity and 01.11.99.00.02. (Haşhaş Tohumu) - Tonne|2004|17809.0|
||2005|13644.0|
||2006|30187.0|
||2007|8981.0|
||2008|10834.0|
||2009|34194.0|
||2010|36910.0|
||2011|45077.0|
||2012|3844.0|
||2013|19244.0|
||2014|16223.0|
||2015|30730.0|
||2016|18205.0|
||2017|15244.0|
||2018|26991.0|
||2019|27288.0|
||2020|20542.0|
||2021|21037.0|
|Production Quantity and 01.11.99.00.03. (Aspir Tohumu) - Tonne|2004|150.0|
||2005|215.0|
||2006|395.0|
||2007|2280.0|
||2008|7068.0|
||2009|20076.0|
||2010|26000.0|
||2011|18228.0|
||2012|19945.0|
||2013|45000.0|
||2014|62000.0|
||2015|70000.0|
||2016|58000.0|
||2017|50000.0|
||2018|35000.0|
||2019|21883.0|
||2020|21325.0|
||2021|16200.0|
|Production Quantity and 01.12.10.00.00. (Çeltik) - Tonne|2004|490000.0|
||2005|600000.0|
||2006|696000.0|
||2007|648000.0|
||2008|753325.0|
||2009|750000.0|
||2010|860000.0|
||2011|900000.0|
||2012|880000.0|
||2013|900000.0|
||2014|830000.0|
||2015|920000.0|
||2016|920000.0|
||2017|900000.0|
||2018|940000.0|
||2019|1000000.0|
||2020|980000.0|
||2021|1000000.0|
|Production Quantity and 01.13.51.00.00. (Patates (Tatlı Patates Hariç)) - Tonne|2004|4770000.0|
||2005|4060000.0|
||2006|4366180.0|
||2007|4227726.0|
||2008|4196522.0|
||2009|4397711.0|
||2010|4513453.0|
||2011|4613071.0|
||2012|4795122.0|
||2013|3948000.0|
||2014|4166000.0|
||2015|4760000.0|
||2016|4750000.0|
||2017|4800000.0|
||2018|4550000.0|
||2019|4979824.0|
||2020|5200000.0|
||2021|5100000.0|
|Production Quantity and 01.13.52.00.00. (Tatlı Patates) - Tonne|2004|30000.0|
||2005|30000.0|
||2006|31125.0|
||2007|18481.0|
||2008|28646.0|
||2009|27728.0|
||2010|34930.0|
||2011|35010.0|
||2012|26815.0|
||2013|7294.0|
||2014|9013.0|
||2015|3060.0|
||2016|687.0|
||2017|1393.0|
||2018|493.0|
||2019|495.0|
||2020|248.0|
||2021|674.0|
|Production Quantity and 01.13.59.00.01. (Yer Elması) - Tonne|2004|60.0|
||2005|67.0|
||2006|241.0|
||2007|66.0|
||2008|140.0|
||2009|898.0|
||2010|873.0|
||2011|883.0|
||2012|871.0|
||2013|836.0|
||2014|805.0|
||2015|786.0|
||2016|636.0|
||2017|1031.0|
||2018|1029.0|
||2019|1029.0|
||2020|1144.0|
||2021|1322.0|
|Production Quantity and 01.13.59.00.02. (Salep) - Tonne|2021|82.0|
|Production Quantity and 01.13.71.00.00. (Şeker Pancarı) - Tonne|2004|1.3517241E7|
||2005|1.5181247E7|
||2006|1.4452162E7|
||2007|1.2414715E7|
||2008|1.5488332E7|
||2009|1.7274674E7|
||2010|1.7942112E7|
||2011|1.6126489E7|
||2012|1.491994E7|
||2013|1.648859E7|
||2014|1.6743045E7|
||2015|1.6022783E7|
||2016|1.9592731E7|
||2017|2.114902E7|
||2018|1.74361E7|
||2019|1.805432E7|
||2020|2.3025738E7|
||2021|1.7767085E7|
|Production Quantity and 01.13.72.00.00. (Şeker Pancarı Tohumları) - Tonne|2012|1598.0|
||2013|1632.0|
||2014|1394.0|
||2015|2106.0|
||2016|1844.0|
||2017|1720.0|
||2018|2820.0|
||2019|2135.0|
||2020|2317.0|
||2021|1505.0|
|Production Quantity and 01.14.10.00.00. (Şeker Kamışı) - Tonne|2014|160.0|
||2015|160.0|
||2016|160.0|
||2017|160.0|
||2018|167.0|
||2019|206.0|
||2020|230.0|
||2021|247.0|
|Production Quantity and 01.15.10.00.00. (Tütün, İşlenmemiş) - Tonne|2004|133913.0|
||2005|135247.0|
||2006|98137.0|
||2007|74584.0|
||2008|93403.0|
||2009|81053.0|
||2010|53018.0|
||2011|45435.0|
||2012|73285.0|
||2013|93158.0|
||2014|74696.0|
||2015|67990.0|
||2016|74238.0|
||2017|93666.0|
||2018|75276.0|
||2019|68224.0|
||2020|79081.0|
||2021|71497.0|
|Production Quantity and 01.16.11.00.01. (Pamuk, Çırçırlanmamış (Kütlü)) - Tonne|2004|2455071.0|
||2005|2240000.0|
||2006|2550000.0|
||2007|2275000.0|
||2008|1820000.0|
||2009|1725000.0|
||2010|2150000.0|
||2011|2580000.0|
||2012|2320000.0|
||2013|2250000.0|
||2014|2350000.0|
||2015|2050000.0|
||2016|2100000.0|
||2017|2450000.0|
||2018|2570000.0|
||2019|2200000.0|
||2020|1773646.0|
||2021|2250000.0|
|Production Quantity and 01.16.11.00.02. (Pamuk, Çırçırlanmış (Lifli)) - Tonne|2004|935928.0|
||2005|863700.0|
||2006|976540.0|
||2007|867716.0|
||2008|673400.0|
||2009|638250.0|
||2010|816705.0|
||2011|954600.0|
||2012|858400.0|
||2013|877500.0|
||2014|846000.0|
||2015|738000.0|
||2016|756000.0|
||2017|882000.0|
||2018|976600.0|
||2019|814000.0|
||2020|656251.0|
||2021|832500.0|
|Production Quantity and 01.16.19.00.01. (Keten, Lif) - Tonne|2004|55.0|
||2005|6.0|
||2006|8.0|
||2007|6.0|
||2008|1.0|
||2009|1.0|
||2010|3.0|
||2011|4.0|
||2015|1.0|
||2016|1.0|
||2017|2.0|
||2018|3.0|
||2019|2.0|
||2020|4.0|
||2021|6.0|
|Production Quantity and 01.16.19.00.02. (Kenevir, Lif) - Tonne|2004|600.0|
||2005|55.0|
||2006|60.0|
||2007|38.0|
||2008|21.0|
||2009|4.0|
||2010|10.0|
||2011|16.0|
||2012|6.0|
||2013|1.0|
||2014|1.0|
||2015|1.0|
||2016|7.0|
||2017|7.0|
||2018|7.0|
||2019|19.0|
||2020|9.0|
||2021|21.0|
|Production Quantity and 01.19.10.10. (Fiğ (Yeşilot)) - Tonne|2004|540000.0|
||2005|750000.0|
||2006|1026324.0|
||2007|1282441.0|
||2008|1249948.0|
||2009|1028610.0|
||2010|4018984.0|
||2011|4442017.0|
||2012|4245417.0|
||2013|4492466.0|
|Production Quantity and 01.19.10.10.01. (Fiğ (Adi) (Yeşil Ot)) - Tonne|2014|2682995.0|
||2015|2721246.0|
||2016|2800049.0|
||2017|2710571.0|
||2018|2537281.0|
||2019|2565790.0|
||2020|2787193.0|
||2021|2471203.0|
|Production Quantity and 01.19.10.10.02. (Fiğ (Macar) (Yeşil Ot)) - Tonne|2014|878009.0|
||2015|935969.0|
||2016|1028563.0|
||2017|1105095.0|
||2018|1049606.0|
||2019|1028137.0|
||2020|1103709.0|
||2021|1097255.0|
|Production Quantity and 01.19.10.10.03. (Fiğ (Diğer) (Yeşil Ot)) - Tonne|2014|607081.0|
||2015|624044.0|
||2016|713430.0|
||2017|781934.0|
||2018|687058.0|
||2019|709941.0|
||2020|652063.0|
||2021|421476.0|
|Production Quantity and 01.19.10.11.00. (Burçak (Yeşilot)) - Tonne|2004|3600.0|
||2005|3000.0|
||2006|6610.0|
||2007|87683.0|
||2008|42596.0|
||2009|87106.0|
||2010|80005.0|
||2011|51092.0|
||2012|42894.0|
||2013|54566.0|
||2014|30455.0|
||2015|24849.0|
||2016|20363.0|
||2017|17327.0|
||2018|16507.0|
||2019|14855.0|
||2020|14562.0|
||2021|13401.0|
|Production Quantity and 01.19.10.12.00. (Yonca (Yeşilot)) - Tonne|2004|2300000.0|
||2005|2100000.0|
||2006|1814990.0|
||2007|1697645.0|
||2008|1843961.0|
||2009|1747676.0|
||2010|1.1676115E7|
||2011|1.2076159E7|
||2012|1.1536328E7|
||2013|1.2616178E7|
||2014|1.3432968E7|
||2015|1.3949958E7|
||2016|1.5714381E7|
||2017|1.756119E7|
||2018|1.7544946E7|
||2019|1.7949264E7|
||2020|1.9290519E7|
||2021|1.9310959E7|
|Production Quantity and 01.19.10.13.00. (Korunga (Yeşilot)) - Tonne|2004|270000.0|
||2005|250000.0|
||2006|124843.0|
||2007|191991.0|
||2008|143367.0|
||2009|158029.0|
||2010|1508930.0|
||2011|1571606.0|
||2012|1459570.0|
||2013|1630572.0|
||2014|1646256.0|
||2015|1655985.0|
||2016|1982047.0|
||2017|2001379.0|
||2018|1934847.0|
||2019|1781789.0|
||2020|1934697.0|
||2021|1546641.0|
|Production Quantity and 01.19.10.14.00. (Üçgül (Yeşilot)) - Tonne|2004|1.0|
||2005|16.0|
||2006|5.0|
||2007|0.0|
||2008|3610.0|
||2009|3560.0|
||2010|2556.0|
||2011|3160.0|
||2012|3018.0|
||2013|2528.0|
||2014|2478.0|
||2015|2378.0|
||2016|2378.0|
||2017|2280.0|
||2018|46.0|
||2019|67.0|
||2020|96.0|
||2021|119.0|
|Production Quantity and 01.19.10.15.00. (Yulaf (Yeşilot)) - Tonne|2012|934157.0|
||2013|1088168.0|
||2014|1156553.0|
||2015|1180294.0|
||2016|1549846.0|
||2017|1755323.0|
||2018|2843686.0|
||2019|3155797.0|
||2020|3850475.0|
||2021|3752850.0|
|Production Quantity and 01.19.10.16.00. (Sorgum (Yeşilot)) - Tonne|2012|51376.0|
||2013|59358.0|
||2014|59033.0|
||2015|59019.0|
||2016|60371.0|
||2017|65523.0|
||2018|66808.0|
||2019|80938.0|
||2020|87920.0|
||2021|113179.0|
|Production Quantity and 01.19.10.17.00. (Triticale (Yeşilot)) - Tonne|2012|54759.0|
||2013|67801.0|
||2014|84310.0|
||2015|90529.0|
||2016|119461.0|
||2017|150823.0|
||2018|190730.0|
||2019|274136.0|
||2020|558643.0|
||2021|673112.0|
|Production Quantity and 01.19.10.18.00. (Mürdümük (Yeşilot)) - Tonne|2012|169419.0|
||2013|158671.0|
||2014|146812.0|
||2015|138554.0|
||2016|116703.0|
||2017|103029.0|
||2018|98238.0|
||2019|78912.0|
||2020|82026.0|
||2021|63074.0|
|Production Quantity and 01.19.10.19.00. (Mısır (Hasıl)) - Tonne|2004|600000.0|
||2005|460000.0|
||2006|432868.0|
||2007|302550.0|
||2008|322414.0|
||2009|243268.0|
||2010|207899.0|
||2011|238973.0|
||2012|302014.0|
||2013|259335.0|
||2014|251645.0|
||2015|235405.0|
||2016|230645.0|
||2017|220884.0|
||2018|215443.0|
||2019|152417.0|
||2020|126142.0|
||2021|128704.0|
|Production Quantity and 01.19.10.20.00. (Mısır (Slaj)) - Tonne|2004|6200000.0|
||2005|7600000.0|
||2006|1.0069968E7|
||2007|1.0259595E7|
||2008|1.118329E7|
||2009|1.1099653E7|
||2010|1.244645E7|
||2011|1.329438E7|
||2012|1.4956457E7|
||2013|1.7835115E7|
||2014|1.856339E7|
||2015|1.9684599E7|
||2016|2.0139033E7|
||2017|2.1613101E7|
||2018|2.3197536E7|
||2019|2.549987E7|
||2020|2.7186949E7|
||2021|2.7309962E7|
|Production Quantity and 01.19.10.22.00. (Hayvan Pancarı) - Tonne|2004|160000.0|
||2005|165000.0|
||2006|158771.0|
||2007|151611.0|
||2008|157541.0|
||2009|145628.0|
||2010|132970.0|
||2011|127114.0|
||2012|125610.0|
||2013|131289.0|
||2014|127300.0|
||2015|114165.0|
||2016|111974.0|
||2017|98537.0|
||2018|92069.0|
||2019|88446.0|
||2020|83763.0|
||2021|67060.0|
|Production Quantity and 01.19.10.23.00. (Yem Şalgamı) - Tonne|2012|332042.0|
||2013|345125.0|
||2014|319970.0|
||2015|329970.0|
||2016|355667.0|
||2017|370729.0|
||2018|298373.0|
||2019|298959.0|
||2020|237491.0|
||2021|217567.0|
|Production Quantity and 01.19.10.24.00. (Buğday (Hasıl/Yeşilot)) - Tonne|2012|184730.0|
||2013|136681.0|
||2014|111867.0|
||2015|92610.0|
||2016|310882.0|
||2017|375585.0|
||2018|348160.0|
||2019|399687.0|
||2020|348838.0|
||2021|286270.0|
|Production Quantity and 01.19.10.26.00. (Bakla, Kuru (Yemlik)) - Tonne|2004|10000.0|
||2005|6000.0|
||2006|10419.0|
||2007|10037.0|
||2008|9944.0|
||2009|9343.0|
||2010|11028.0|
||2011|11715.0|
||2012|10538.0|
||2013|10008.0|
||2014|7956.0|
||2015|7596.0|
||2016|8209.0|
||2017|7899.0|
||2018|7295.0|
||2019|6862.0|
||2020|4133.0|
||2021|2623.0|
|Production Quantity and 01.19.10.27.00. (Sudan Otu (Yemlik)) - Tonne|2021|10605.0|
|Production Quantity and 01.19.10.28.00. (Çayır Otu (Yeşilot)) - Tonne|2020|293848.0|
||2021|804681.0|
|Production Quantity and 01.19.10.29.00. (Arpa (Yeşilot)) - Tonne|2012|16680.0|
||2013|31596.0|
||2014|50752.0|
||2015|46649.0|
||2016|69199.0|
||2017|281063.0|
||2018|416963.0|
||2019|466979.0|
||2020|537066.0|
||2021|443553.0|
|Production Quantity and 01.19.10.30.00. (Çavdar (Yeşilot)) - Tonne|2012|2032.0|
||2013|2828.0|
||2014|7177.0|
||2015|6411.0|
||2016|8857.0|
||2017|24124.0|
||2018|59029.0|
||2019|71998.0|
||2020|98195.0|
||2021|114162.0|
|Production Quantity and 01.19.10.31.00. (Bezelye (Yemlik)) - Tonne|2014|70422.0|
||2015|84821.0|
||2016|121124.0|
||2017|139366.0|
||2018|210706.0|
||2019|283928.0|
||2020|452776.0|
||2021|486233.0|
|Production Quantity and 01.19.10.32.00. (İtalyan Çimi (Yemlik)) - Tonne|2014|17023.0|
||2015|58046.0|
||2016|210935.0|
||2017|348046.0|
||2018|448086.0|
||2019|616709.0|
||2020|971691.0|
||2021|1380195.0|
|Production Quantity and 01.19.10.99.00. (Başka Yerde Sınıflandırılmamış Diğer Yem Bitkileri (Tahıl Samanı Ve Kabuklar Hariç)) - Tonne|2021|19591.0|
|Production Quantity and 01.19.31.03.00. (Üçgül Tohumu) - Tonne|2008|5.0|
|Production Quantity and 01.19.31.05.00. (Korunga Tohumu) - Tonne|2004|2000.0|
||2005|985.0|
||2006|581.0|
||2007|846.0|
||2008|1477.0|
||2009|2569.0|
||2010|5200.0|
||2011|1.0|
||2012|614.0|
||2013|636.0|
||2014|47.0|
||2015|42.0|
||2016|963.0|
||2017|136.0|
||2018|241.0|
||2019|111.0|
||2020|248.0|
||2021|113.0|
|Production Quantity and 01.19.31.06. (Fiğ Tohumu) - Tonne|2004|130000.0|
||2005|132000.0|
||2006|175522.0|
||2007|90568.0|
||2008|104974.0|
||2009|135892.0|
||2010|121676.0|
||2011|107844.0|
||2012|104342.0|
||2013|114218.0|
|Production Quantity and 01.19.31.06.01. (Fiğ (Adi) Tohumu) - Tonne|2014|46568.0|
||2015|48271.0|
||2016|49001.0|
||2017|41838.0|
||2018|43106.0|
||2019|45324.0|
||2020|33031.0|
||2021|26616.0|
|Production Quantity and 01.19.31.06.02. (Fiğ (Macar) Tohumu) - Tonne|2014|13608.0|
||2015|14384.0|
||2016|13583.0|
||2017|12233.0|
||2018|12246.0|
||2019|10616.0|
||2020|10158.0|
||2021|9669.0|
|Production Quantity and 01.19.31.06.03. (Fiğ (Diğer) Tohumu) - Tonne|2014|5786.0|
||2015|4730.0|
||2016|4403.0|
||2017|4352.0|
||2018|4163.0|
||2019|4035.0|
||2020|3667.0|
||2021|2807.0|
|Production Quantity and 01.19.31.08.00. (Çim Tohumu) - Tonne|2021|3166.0|
|Production Quantity and 01.19.31.09.00. (Yonca Tohumu) - Tonne|2004|3500.0|
||2005|2900.0|
||2006|2714.0|
||2007|3025.0|
||2008|2325.0|
||2009|3270.0|
||2010|4900.0|
||2011|426.0|
||2012|1151.0|
||2013|1154.0|
||2014|1003.0|
||2015|1110.0|
||2016|1206.0|
||2017|922.0|
||2018|1204.0|
||2019|1513.0|
||2020|1695.0|
||2021|1861.0|
|Production Quantity and 01.28.20.00.00. (Şerbetçiotu Kozalağı) - Tonne|2004|1100.0|
||2005|1280.0|
||2006|1384.0|
||2007|1423.0|
||2008|1555.0|
||2009|1650.0|
||2010|1842.0|
||2011|1759.0|
||2012|1752.0|
||2013|1852.0|
||2014|1832.0|
||2015|1869.0|
||2016|1846.0|
||2017|1785.0|
||2018|1785.0|
||2019|1800.0|
||2020|1908.0|
||2021|1861.0|
|Production Quantity and 01.28.30.00.08. (Haşhaş Kapsülü (Haşhaş Kellesi)) - Tonne|2004|16190.0|
||2005|12403.0|
||2006|27443.0|
||2007|8164.0|
||2008|9849.0|
||2009|31086.0|
||2010|33555.0|
||2011|40979.0|
||2012|3497.0|
||2013|19244.0|
||2014|16223.0|
||2015|30730.0|
||2016|16550.0|
||2017|13836.0|
||2018|26991.0|
||2019|27288.0|
||2020|20542.0|
||2021|21037.0|
|Production Quantity and 01.28.30.00.11. (Adaçayı) - Tonne|2012|7.0|
||2013|4.0|
||2014|19.0|
||2015|80.0|
||2016|411.0|
||2017|557.0|
||2018|428.0|
||2019|1233.0|
||2020|1271.0|
||2021|1848.0|
|Production Quantity and 01.28.30.00.17. (Isırgan Otu) - Tonne|2012|0.0|
||2013|0.0|
||2014|0.0|
||2016|1.0|
||2017|1.0|
||2018|1.0|
||2020|0.0|
||2021|0.0|
|Production Quantity and 01.28.30.00.19. (Lavanta) - Tonne|2012|123.0|
||2013|105.0|
||2014|297.0|
||2015|400.0|
||2016|747.0|
||2017|845.0|
||2018|1040.0|
||2019|1462.0|
||2020|3499.0|
||2021|6108.0|
|Production Quantity and 01.28.30.00.23. (Oğul Otu (Melisa)) - Tonne|2012|238.0|
||2013|238.0|
||2014|238.0|
||2015|242.0|
||2016|108.0|
||2017|106.0|
||2018|84.0|
||2019|93.0|
||2020|150.0|
||2021|266.0|
|Production Quantity and 01.28.30.00.36. (Gül, Yağlık) - Tonne|2012|10225.0|
||2013|10769.0|
||2014|10831.0|
||2015|9483.0|
||2016|12267.0|
||2017|13372.0|
||2018|14773.0|
||2019|16560.0|
||2020|18202.0|
||2021|18020.0|
Vegetables|Production Quantity and 01.11.61.00.01. (Fasulye, Taze) - Tonne|2004|582000.0|
||2005|555000.0|
||2006|563763.0|
||2007|519968.0|
||2008|563056.0|
||2009|603653.0|
||2010|587967.0|
||2011|614948.0|
||2012|621036.0|
||2013|632301.0|
||2014|638469.0|
||2015|640836.0|
||2016|638532.0|
||2017|630347.0|
||2018|580949.0|
||2019|596074.0|
||2020|547349.0|
||2021|510366.0|
|Production Quantity and 01.11.61.00.02. (Barbunya, Taze) - Tonne|2004|54000.0|
||2005|54000.0|
||2006|55837.0|
||2007|58710.0|
||2008|59392.0|
||2009|69051.0|
||2010|70614.0|
||2011|78871.0|
||2012|84134.0|
||2013|76751.0|
||2014|77051.0|
||2015|79704.0|
||2016|88362.0|
||2017|92402.0|
||2018|88024.0|
||2019|89860.0|
||2020|88107.0|
||2021|76245.0|
|Production Quantity and 01.11.62.00.00. (Bezelye, Taze) - Tonne|2004|58000.0|
||2005|122000.0|
||2006|89632.0|
||2007|87743.0|
||2008|88828.0|
||2009|95046.0|
||2010|90191.0|
||2011|103787.0|
||2012|101959.0|
||2013|107549.0|
||2014|105279.0|
||2015|112638.0|
||2016|112643.0|
||2017|107124.0|
||2018|107344.0|
||2019|98200.0|
||2020|108492.0|
||2021|111625.0|
|Production Quantity and 01.11.69.00.01. (Börülce, Taze) - Tonne|2004|13000.0|
||2005|13500.0|
||2006|16077.0|
||2007|14101.0|
||2008|14983.0|
||2009|15955.0|
||2010|16591.0|
||2011|19967.0|
||2012|20566.0|
||2013|21336.0|
||2014|19353.0|
||2015|18043.0|
||2016|18108.0|
||2017|17414.0|
||2018|17657.0|
||2019|18420.0|
||2020|16781.0|
||2021|14491.0|
|Production Quantity and 01.11.69.00.02. (Bakla, Taze) - Tonne|2004|49000.0|
||2005|49000.0|
||2006|48721.0|
||2007|43273.0|
||2008|42885.0|
||2009|44389.0|
||2010|41929.0|
||2011|41962.0|
||2012|40471.0|
||2013|40243.0|
||2014|39502.0|
||2015|35359.0|
||2016|35081.0|
||2017|37511.0|
||2018|38921.0|
||2019|40068.0|
||2020|54317.0|
||2021|41162.0|
|Production Quantity and 01.13.11.00.00. (Kuşkonmaz) - Tonne|2004|12.0|
||2005|12.0|
||2006|10.0|
||2007|11.0|
||2008|10.0|
||2009|18.0|
||2010|254.0|
||2011|130.0|
||2012|7.0|
||2013|68.0|
||2014|68.0|
||2015|68.0|
||2016|145.0|
||2017|178.0|
||2018|169.0|
||2019|174.0|
||2020|1079.0|
||2021|1156.0|
|Production Quantity and 01.13.12.00.01. (Lahana (Beyaz)) - Tonne|2004|500000.0|
||2005|492000.0|
||2006|502081.0|
||2007|464645.0|
||2008|487744.0|
||2009|507655.0|
||2010|491228.0|
||2011|498073.0|
||2012|481511.0|
||2013|496864.0|
||2014|492610.0|
||2015|514344.0|
||2016|524976.0|
||2017|520796.0|
||2018|516951.0|
||2019|567622.0|
||2020|594143.0|
||2021|597910.0|
|Production Quantity and 01.13.12.00.02. (Lahana (Kırmızı)) - Tonne|2004|105000.0|
||2005|91000.0|
||2006|103137.0|
||2007|101149.0|
||2008|104583.0|
||2009|114209.0|
||2010|118170.0|
||2011|121824.0|
||2012|133234.0|
||2013|138329.0|
||2014|164069.0|
||2015|178679.0|
||2016|186826.0|
||2017|188316.0|
||2018|187948.0|
||2019|192219.0|
||2020|198516.0|
||2021|200472.0|
|Production Quantity and 01.13.12.00.03. (Lahana (Kara Yaprak)) - Tonne|2004|95000.0|
||2005|92000.0|
||2006|80981.0|
||2007|80490.0|
||2008|80825.0|
||2009|83487.0|
||2010|81953.0|
||2011|88466.0|
||2012|85023.0|
||2013|83246.0|
||2014|73643.0|
||2015|71118.0|
||2016|71018.0|
||2017|66605.0|
||2018|57034.0|
||2019|56726.0|
||2020|56100.0|
||2021|59043.0|
|Production Quantity and 01.13.12.00.04. (Lahana (Brüksel)) - Tonne|2004|950.0|
||2005|900.0|
||2006|913.0|
||2007|1394.0|
||2008|1465.0|
||2009|1504.0|
||2010|1651.0|
||2011|1693.0|
||2012|1697.0|
||2013|1818.0|
||2014|2759.0|
||2015|2534.0|
||2016|3151.0|
||2017|3170.0|
||2018|3343.0|
||2019|3100.0|
||2020|2889.0|
||2021|2698.0|
|Production Quantity and 01.13.13.00.01. (Karnabahar) - Tonne|2004|110000.0|
||2005|117000.0|
||2006|136098.0|
||2007|135145.0|
||2008|150843.0|
||2009|157051.0|
||2010|158579.0|
||2011|162134.0|
||2012|169097.0|
||2013|158996.0|
||2014|161331.0|
||2015|182266.0|
||2016|195248.0|
||2017|199710.0|
||2018|225151.0|
||2019|234356.0|
||2020|216334.0|
||2021|234717.0|
|Production Quantity and 01.13.13.00.02. (Brokoli) - Tonne|2004|6500.0|
||2005|8500.0|
||2006|16178.0|
||2007|17360.0|
||2008|19890.0|
||2009|20541.0|
||2010|26493.0|
||2011|29076.0|
||2012|30807.0|
||2013|34649.0|
||2014|40818.0|
||2015|46353.0|
||2016|55082.0|
||2017|66105.0|
||2018|69592.0|
||2019|80920.0|
||2020|95057.0|
||2021|104614.0|
|Production Quantity and 01.13.14.00.01. (Marul (Kıvırcık)) - Tonne|2004|162000.0|
||2005|168000.0|
||2006|151164.0|
||2007|140808.0|
||2008|144498.0|
||2009|141569.0|
||2010|131952.0|
||2011|138466.0|
||2012|145019.0|
||2013|159971.0|
||2014|155179.0|
||2015|157981.0|
||2016|179712.0|
||2017|185070.0|
||2018|187658.0|
||2019|198491.0|
||2020|207234.0|
||2021|234048.0|
|Production Quantity and 01.13.14.00.02. (Marul (Göbekli)) - Tonne|2004|200000.0|
||2005|204000.0|
||2006|239495.0|
||2007|226723.0|
||2008|233424.0|
||2009|233552.0|
||2010|226144.0|
||2011|217378.0|
||2012|205463.0|
||2013|212189.0|
||2014|230755.0|
||2015|225021.0|
||2016|233662.0|
||2017|223449.0|
||2018|215725.0|
||2019|215728.0|
||2020|225639.0|
||2021|212091.0|
|Production Quantity and 01.13.14.00.03. (Marul (İceberg)) - Tonne|2004|15000.0|
||2005|52000.0|
||2006|50583.0|
||2007|60528.0|
||2008|61719.0|
||2009|62917.0|
||2010|61202.0|
||2011|68408.0|
||2012|68584.0|
||2013|64625.0|
||2014|65551.0|
||2015|64490.0|
||2016|65068.0|
||2017|81904.0|
||2018|84160.0|
||2019|85547.0|
||2020|87278.0|
||2021|94430.0|
|Production Quantity and 01.13.16.00.00. (Ispanak) - Tonne|2004|213000.0|
||2005|238000.0|
||2006|242231.0|
||2007|235731.0|
||2008|225746.0|
||2009|225343.0|
||2010|218291.0|
||2011|221632.0|
||2012|222225.0|
||2013|220274.0|
||2014|207676.0|
||2015|208403.0|
||2016|210999.0|
||2017|222177.0|
||2018|225174.0|
||2019|229793.0|
||2020|231515.0|
||2021|218355.0|
|Production Quantity and 01.13.17.00.00. (Enginar) - Tonne|2004|30000.0|
||2005|36000.0|
||2006|35007.0|
||2007|33807.0|
||2008|36320.0|
||2009|34859.0|
||2010|29070.0|
||2011|33460.0|
||2012|32173.0|
||2013|34014.0|
||2014|34576.0|
||2015|32701.0|
||2016|36368.0|
||2017|38431.0|
||2018|39477.0|
||2019|39071.0|
||2020|39280.0|
||2021|40114.0|
|Production Quantity and 01.13.19.00.01. (Kereviz (Sap)) - Tonne|2004|1700.0|
||2005|1600.0|
||2006|1975.0|
||2007|2068.0|
||2008|2720.0|
||2009|1687.0|
||2010|1534.0|
||2011|1345.0|
||2012|1559.0|
||2013|1617.0|
||2014|1532.0|
||2015|1855.0|
||2016|2113.0|
||2017|2078.0|
||2018|2179.0|
||2019|2169.0|
||2020|1729.0|
||2021|1551.0|
|Production Quantity and 01.13.19.00.02. (Pazı) - Tonne|2004|7000.0|
||2005|6500.0|
||2006|6110.0|
||2007|6497.0|
||2008|6480.0|
||2009|6396.0|
||2010|5211.0|
||2011|5184.0|
||2012|5953.0|
||2013|6207.0|
||2014|6060.0|
||2015|5594.0|
||2016|5881.0|
||2017|7770.0|
||2018|9631.0|
||2019|8049.0|
||2020|7137.0|
||2021|7728.0|
|Production Quantity and 01.13.19.00.03. (Semizotu) - Tonne|2004|2000.0|
||2005|2750.0|
||2006|4232.0|
||2007|3311.0|
||2008|3815.0|
||2009|3690.0|
||2010|4936.0|
||2011|5501.0|
||2012|6945.0|
||2013|7102.0|
||2014|5797.0|
||2015|5878.0|
||2016|5819.0|
||2017|5149.0|
||2018|4382.0|
||2019|4931.0|
||2020|5702.0|
||2021|12232.0|
|Production Quantity and 01.13.19.00.04. (Maydanoz) - Tonne|2004|47000.0|
||2005|57000.0|
||2006|53189.0|
||2007|48972.0|
||2008|52346.0|
||2009|58145.0|
||2010|56332.0|
||2011|54956.0|
||2012|56614.0|
||2013|57619.0|
||2014|58351.0|
||2015|57728.0|
||2016|58190.0|
||2017|80304.0|
||2018|78961.0|
||2019|92954.0|
||2020|97760.0|
||2021|108604.0|
|Production Quantity and 01.13.19.00.05. (Roka) - Tonne|2004|2400.0|
||2005|2750.0|
||2006|2497.0|
||2007|2557.0|
||2008|2940.0|
||2009|3592.0|
||2010|4058.0|
||2011|4524.0|
||2012|7689.0|
||2013|8962.0|
||2014|8791.0|
||2015|9110.0|
||2016|10185.0|
||2017|9334.0|
||2018|12930.0|
||2019|13654.0|
||2020|15045.0|
||2021|27350.0|
|Production Quantity and 01.13.19.00.06. (Tere) - Tonne|2004|1500.0|
||2005|1600.0|
||2006|1924.0|
||2007|1952.0|
||2008|1922.0|
||2009|2143.0|
||2010|2380.0|
||2011|2750.0|
||2012|4476.0|
||2013|7371.0|
||2014|8732.0|
||2015|9236.0|
||2016|6985.0|
||2017|5993.0|
||2018|6517.0|
||2019|6629.0|
||2020|8352.0|
||2021|8785.0|
|Production Quantity and 01.13.19.00.07. (Nane) - Tonne|2004|6500.0|
||2005|7750.0|
||2006|9591.0|
||2007|9376.0|
||2008|9824.0|
||2009|10998.0|
||2010|11772.0|
||2011|12160.0|
||2012|12598.0|
||2013|14143.0|
||2014|14700.0|
||2015|14945.0|
||2016|15550.0|
||2017|14213.0|
||2018|14511.0|
||2019|16011.0|
||2020|23471.0|
||2021|26438.0|
|Production Quantity and 01.13.19.00.08. (Dereotu) - Tonne|2004|1500.0|
||2005|2000.0|
||2006|2456.0|
||2007|2637.0|
||2008|2677.0|
||2009|2837.0|
||2010|2978.0|
||2011|2836.0|
||2012|2901.0|
||2013|3806.0|
||2014|4603.0|
||2015|4488.0|
||2016|4589.0|
||2017|7208.0|
||2018|8318.0|
||2019|8740.0|
||2020|8267.0|
||2021|10432.0|
|Production Quantity and 01.13.21.00.00. (Karpuz) - Tonne|2004|3825000.0|
||2005|3970000.0|
||2006|3805306.0|
||2007|3796680.0|
||2008|4002285.0|
||2009|3810205.0|
||2010|3683103.0|
||2011|3864489.0|
||2012|4022296.0|
||2013|3887324.0|
||2014|3885617.0|
||2015|3918558.0|
||2016|3928892.0|
||2017|4011313.0|
||2018|4031174.0|
||2019|3870515.0|
||2020|3491554.0|
||2021|3468717.0|
|Production Quantity and 01.13.29.00.00. (Kavun) - Tonne|2004|1750000.0|
||2005|1825000.0|
||2006|1765605.0|
||2007|1661130.0|
||2008|1749935.0|
||2009|1679191.0|
||2010|1611695.0|
||2011|1647988.0|
||2012|1688687.0|
||2013|1699550.0|
||2014|1707302.0|
||2015|1719620.0|
||2016|1854356.0|
||2017|1813422.0|
||2018|1753942.0|
||2019|1777059.0|
||2020|1724856.0|
||2021|1638638.0|
|Production Quantity and 01.13.31.00.01. (Biber (Salçalık, Kapya)) - Tonne|2004|615000.0|
||2005|685000.0|
||2006|673981.0|
||2007|674788.0|
||2008|690531.0|
||2009|700038.0|
||2010|782173.0|
||2011|730493.0|
||2012|748422.0|
||2013|814372.0|
||2014|829809.0|
||2015|879775.0|
||2016|957030.0|
||2017|1107713.0|
||2018|1128060.0|
||2019|1234423.0|
||2020|1291091.0|
||2021|1445275.0|
|Production Quantity and 01.13.31.00.02. (Biber (Dolmalık)) - Tonne|2004|375000.0|
||2005|400000.0|
||2006|392617.0|
||2007|357246.0|
||2008|371050.0|
||2009|384273.0|
||2010|387626.0|
||2011|364930.0|
||2012|383213.0|
||2013|398470.0|
||2014|391009.0|
||2015|393109.0|
||2016|418435.0|
||2017|420904.0|
||2018|397175.0|
||2019|371918.0|
||2020|389957.0|
||2021|420918.0|
|Production Quantity and 01.13.31.00.03. (Biber (Sivri)) - Tonne|2004|710000.0|
||2005|744000.0|
||2006|775577.0|
||2007|725192.0|
||2008|734596.0|
||2009|752692.0|
||2010|816901.0|
||2011|879846.0|
||2012|910725.0|
||2013|946506.0|
||2014|907126.0|
||2015|919004.0|
||2016|967466.0|
||2017|945361.0|
||2018|930349.0|
||2019|902203.0|
||2020|838890.0|
||2021|1064633.0|
|Production Quantity and 01.13.31.00.04. (Biber (Çarliston)) - Tonne|2014|104364.0|
||2015|115568.0|
||2016|114891.0|
||2017|134194.0|
||2018|99390.0|
||2019|117125.0|
||2020|116967.0|
||2021|160469.0|
|Production Quantity and 01.13.32.00.01. (Hıyar (Sofralık)) - Tonne|2005|1617000.0|
||2006|1665201.0|
||2007|1524003.0|
||2008|1524105.0|
||2009|1582396.0|
||2010|1593844.0|
||2011|1605319.0|
||2012|1603110.0|
||2013|1613771.0|
||2014|1636431.0|
||2015|1687301.0|
||2016|1676897.0|
||2017|1687927.0|
||2018|1701735.0|
||2019|1748157.0|
||2020|1678341.0|
||2021|1696520.0|
|Production Quantity and 01.13.32.00.02. (Hıyar (Turşuluk)) - Tonne|2005|128000.0|
||2006|134412.0|
||2007|146456.0|
||2008|158671.0|
||2009|152614.0|
||2010|145347.0|
||2011|143855.0|
||2012|138768.0|
||2013|140842.0|
||2014|144041.0|
||2015|135335.0|
||2016|134784.0|
||2017|139855.0|
||2018|146538.0|
||2019|168488.0|
||2020|207898.0|
||2021|193640.0|
|Production Quantity and 01.13.32.00.03. (Acur) - Tonne|2004|22000.0|
||2005|23500.0|
||2006|26400.0|
||2007|24358.0|
||2008|33862.0|
||2009|33400.0|
||2010|25621.0|
||2011|23266.0|
||2012|27886.0|
||2013|30606.0|
||2014|33238.0|
||2015|33082.0|
||2016|36006.0|
||2017|41863.0|
||2018|42631.0|
||2019|43204.0|
||2020|40644.0|
||2021|39215.0|
|Production Quantity and 01.13.33.00.00. (Patlıcan) - Tonne|2004|900000.0|
||2005|930000.0|
||2006|924165.0|
||2007|863737.0|
||2008|813686.0|
||2009|816134.0|
||2010|846998.0|
||2011|821770.0|
||2012|799285.0|
||2013|826941.0|
||2014|827380.0|
||2015|805259.0|
||2016|854049.0|
||2017|883917.0|
||2018|836284.0|
||2019|822659.0|
||2020|835422.0|
||2021|832938.0|
|Production Quantity and 01.13.34.00.01. (Domates (Sofralık)) - Tonne|2005|7067000.0|
||2006|6912745.0|
||2007|6963159.0|
||2008|7419814.0|
||2009|7205961.0|
||2010|7173188.0|
||2011|7573431.0|
||2012|7697961.0|
||2013|7941780.0|
||2014|7935110.0|
||2015|8170000.0|
||2016|8581247.0|
||2017|8789719.0|
||2018|8414920.0|
||2019|8836055.0|
||2020|8656435.0|
||2021|8580522.0|
|Production Quantity and 01.13.34.00.02. (Domates (Salçalık)) - Tonne|2005|2983000.0|
||2006|2942132.0|
||2007|2973393.0|
||2008|3565541.0|
||2009|3539611.0|
||2010|2878812.0|
||2011|3430002.0|
||2012|3652039.0|
||2013|3878220.0|
||2014|3914890.0|
||2015|4445000.0|
||2016|4018753.0|
||2017|3960281.0|
||2018|3735080.0|
||2019|4005935.0|
||2020|4547580.0|
||2021|4514736.0|
|Production Quantity and 01.13.39.00.01. (Bamya) - Tonne|2004|43000.0|
||2005|36000.0|
||2006|36843.0|
||2007|36992.0|
||2008|37543.0|
||2009|38432.0|
||2010|36748.0|
||2011|36662.0|
||2012|36001.0|
||2013|33545.0|
||2014|33103.0|
||2015|30574.0|
||2016|29529.0|
||2017|28536.0|
||2018|29111.0|
||2019|31428.0|
||2020|40654.0|
||2021|32423.0|
|Production Quantity and 01.13.39.00.02. (Kabak (Sakız)) - Tonne|2004|292000.0|
||2005|294000.0|
||2006|288336.0|
||2007|267142.0|
||2008|279451.0|
||2009|307419.0|
||2010|314340.0|
||2011|317705.0|
||2012|302374.0|
||2013|293709.0|
||2014|299858.0|
||2015|312923.0|
||2016|351550.0|
||2017|449561.0|
||2018|474527.0|
||2019|447830.0|
||2020|547208.0|
||2021|609622.0|
|Production Quantity and 01.13.39.00.03. (Bal Kabağı) - Tonne|2004|72000.0|
||2005|74000.0|
||2006|76632.0|
||2007|70740.0|
||2008|80915.0|
||2009|82552.0|
||2010|89368.0|
||2011|93099.0|
||2012|93612.0|
||2013|95076.0|
||2014|93672.0|
||2015|95363.0|
||2016|96268.0|
||2017|89737.0|
||2018|87207.0|
||2019|92319.0|
||2020|93659.0|
||2021|97168.0|
|Production Quantity and 01.13.39.00.04. (Kabak (Çerezlik)) - Tonne|2004|10500.0|
||2005|11500.0|
||2006|17286.0|
||2007|31262.0|
||2008|18340.0|
||2009|21971.0|
||2010|26694.0|
||2011|32396.0|
||2012|32144.0|
||2013|35586.0|
||2014|36331.0|
||2015|41612.0|
||2016|42181.0|
||2017|41326.0|
||2018|55043.0|
||2019|50265.0|
||2020|57184.0|
||2021|64861.0|
|Production Quantity and 01.13.39.00.06. (Kudret Narı) - Tonne|2021|66.0|
|Production Quantity and 01.13.39.00.07. (Pepino) - Tonne|2013|100.0|
||2014|100.0|
||2015|100.0|
||2016|188.0|
||2017|488.0|
||2018|24.0|
||2019|109.0|
||2020|50.0|
||2021|86.0|
|Production Quantity and 01.13.41.00.01. (Havuç) - Tonne|2004|438000.0|
||2005|388000.0|
||2006|394725.0|
||2007|641953.0|
||2008|591538.0|
||2009|593628.0|
||2010|533253.0|
||2011|602078.0|
||2012|714280.0|
||2013|569855.0|
||2014|557977.0|
||2015|534988.0|
||2016|554736.0|
||2017|569533.0|
||2018|642837.0|
||2019|663882.0|
||2020|588778.0|
||2021|590483.0|
|Production Quantity and 01.13.41.00.02. (Şalgam) - Tonne|2004|1000.0|
||2005|2300.0|
||2006|7680.0|
||2007|1628.0|
||2008|1892.0|
||2009|1787.0|
||2010|1693.0|
||2011|1494.0|
||2012|1537.0|
||2013|1938.0|
||2014|1509.0|
||2015|1393.0|
||2016|1651.0|
||2017|1768.0|
||2018|1530.0|
||2019|2388.0|
||2020|2599.0|
||2021|2359.0|
|Production Quantity and 01.13.42.00.01. (Sarımsak (Taze)) - Tonne|2004|25000.0|
||2005|27000.0|
||2006|27312.0|
||2007|23905.0|
||2008|23900.0|
||2009|22229.0|
||2010|21234.0|
||2011|21445.0|
||2012|25768.0|
||2013|27930.0|
||2014|25089.0|
||2015|24356.0|
||2016|25987.0|
||2017|26328.0|
||2018|25519.0|
||2019|23351.0|
||2020|28552.0|
||2021|46454.0|
|Production Quantity and 01.13.42.00.02. (Sarımsak (Kuru)) - Tonne|2004|84000.0|
||2005|82000.0|
||2006|68800.0|
||2007|74290.0|
||2008|81070.0|
||2009|83134.0|
||2010|76936.0|
||2011|79203.0|
||2012|79433.0|
||2013|87037.0|
||2014|91000.0|
||2015|94867.0|
||2016|109161.0|
||2017|121805.0|
||2018|117688.0|
||2019|103096.0|
||2020|116840.0|
||2021|132617.0|
|Production Quantity and 01.13.43.00.01. (Soğan (Taze)) - Tonne|2004|207000.0|
||2005|200000.0|
||2006|200875.0|
||2007|185140.0|
||2008|168223.0|
||2009|169271.0|
||2010|165478.0|
||2011|153823.0|
||2012|150928.0|
||2013|153478.0|
||2014|148255.0|
||2015|141691.0|
||2016|134479.0|
||2017|138993.0|
||2018|142854.0|
||2019|142257.0|
||2020|129023.0|
||2021|126185.0|
|Production Quantity and 01.13.43.00.02. (Soğan (Kuru)) - Tonne|2004|2040000.0|
||2005|2070000.0|
||2006|1765396.0|
||2007|1859442.0|
||2008|2007118.0|
||2009|1849582.0|
||2010|1900000.0|
||2011|2141373.0|
||2012|1735857.0|
||2013|1904846.0|
||2014|1790000.0|
||2015|1879189.0|
||2016|2120581.0|
||2017|2175911.0|
||2018|1930695.0|
||2019|2200000.0|
||2020|2280000.0|
||2021|2500000.0|
|Production Quantity and 01.13.44.00.01. (Pırasa) - Tonne|2004|295000.0|
||2005|326000.0|
||2006|320091.0|
||2007|256397.0|
||2008|252286.0|
||2009|251120.0|
||2010|244812.0|
||2011|246144.0|
||2012|229359.0|
||2013|240391.0|
||2014|223303.0|
||2015|231678.0|
||2016|227172.0|
||2017|208239.0|
||2018|252958.0|
||2019|234052.0|
||2020|225480.0|
||2021|213192.0|
|Production Quantity and 01.13.49.01.00. (Kırmızı Pancar) - Tonne|2004|5000.0|
||2005|6000.0|
||2006|9599.0|
||2007|8564.0|
||2008|8106.0|
||2009|8048.0|
||2010|7861.0|
||2011|7815.0|
||2012|7540.0|
||2013|7286.0|
||2014|7161.0|
||2015|7028.0|
||2016|7774.0|
||2017|7553.0|
||2018|8119.0|
||2019|9917.0|
||2020|7881.0|
||2021|10444.0|
|Production Quantity and 01.13.49.02.00. (Kereviz (Kök)) - Tonne|2004|16500.0|
||2005|21000.0|
||2006|15593.0|
||2007|15348.0|
||2008|16537.0|
||2009|16890.0|
||2010|14758.0|
||2011|14659.0|
||2012|17049.0|
||2013|16265.0|
||2014|14791.0|
||2015|15801.0|
||2016|18981.0|
||2017|21387.0|
||2018|21603.0|
||2019|23323.0|
||2020|23159.0|
||2021|24402.0|
|Production Quantity and 01.13.49.03.01. (Turp (Bayır)) - Tonne|2004|20500.0|
||2005|18000.0|
||2006|19061.0|
||2007|17196.0|
||2008|16985.0|
||2009|16524.0|
||2010|16130.0|
||2011|15564.0|
||2012|15067.0|
||2013|19484.0|
||2014|21938.0|
||2015|14944.0|
||2016|14109.0|
||2017|14444.0|
||2018|14003.0|
||2019|14534.0|
||2020|14274.0|
||2021|14913.0|
|Production Quantity and 01.13.49.03.02. (Turp (Kırmızı)) - Tonne|2004|150000.0|
||2005|152000.0|
||2006|149527.0|
||2007|138615.0|
||2008|144878.0|
||2009|141505.0|
||2010|139543.0|
||2011|142024.0|
||2012|131375.0|
||2013|158766.0|
||2014|169935.0|
||2015|179660.0|
||2016|179353.0|
||2017|178344.0|
||2018|177067.0|
||2019|198112.0|
||2020|204687.0|
||2021|209384.0|
|Production Quantity and 01.13.49.03.03. (Turp (Beyaz)) - Tonne|2014|1115.0|
||2015|5645.0|
||2016|5826.0|
||2017|5913.0|
||2018|5914.0|
||2019|6170.0|
||2020|4433.0|
||2021|4469.0|
|Production Quantity and 01.13.80.00.01. (Mantar (Kültür)) - Tonne|2004|15000.0|
||2005|17000.0|
||2006|21833.0|
||2007|23426.0|
||2008|26526.0|
||2009|19501.0|
||2010|21559.0|
||2011|27058.0|
||2012|33750.0|
||2013|34494.0|
||2014|38767.0|
||2015|39495.0|
||2016|40272.0|
||2017|40874.0|
||2018|46144.0|
||2019|49364.0|
||2020|55455.0|
||2021|61460.0|
|Sown Area and 01.11.61.00.01. (Fasulye, Taze) - Decare|2004|562710.0|
||2005|560500.0|
||2006|537824.0|
||2007|519813.0|
||2008|530200.0|
||2009|535172.0|
||2010|531340.0|
||2011|528931.0|
||2012|528506.0|
||2013|506619.0|
||2014|501767.0|
||2015|501218.0|
||2016|495639.0|
||2017|489392.0|
||2018|455263.0|
||2019|453262.0|
||2020|415111.0|
||2021|395035.0|
|Sown Area and 01.11.61.00.02. (Barbunya, Taze) - Decare|2004|67260.0|
||2005|65450.0|
||2006|67280.0|
||2007|70605.0|
||2008|70215.0|
||2009|79336.0|
||2010|80312.0|
||2011|88336.0|
||2012|89118.0|
||2013|81209.0|
||2014|81178.0|
||2015|83583.0|
||2016|85413.0|
||2017|89596.0|
||2018|81267.0|
||2019|80358.0|
||2020|78846.0|
||2021|70080.0|
|Sown Area and 01.11.62.00.00. (Bezelye, Taze) - Decare|2004|79160.0|
||2005|96770.0|
||2006|93337.0|
||2007|92753.0|
||2008|91486.0|
||2009|98839.0|
||2010|94443.0|
||2011|107121.0|
||2012|107230.0|
||2013|114790.0|
||2014|111759.0|
||2015|112748.0|
||2016|110184.0|
||2017|101660.0|
||2018|97433.0|
||2019|100305.0|
||2020|114270.0|
||2021|116468.0|
|Sown Area and 01.11.69.00.01. (Börülce, Taze) - Decare|2004|16590.0|
||2005|17960.0|
||2006|19058.0|
||2007|16751.0|
||2008|18552.0|
||2009|19315.0|
||2010|20100.0|
||2011|23674.0|
||2012|24934.0|
||2013|25591.0|
||2014|22907.0|
||2015|22028.0|
||2016|21612.0|
||2017|20618.0|
||2018|20327.0|
||2019|20407.0|
||2020|18168.0|
||2021|17582.0|
|Sown Area and 01.11.69.00.02. (Bakla, Taze) - Decare|2004|65360.0|
||2005|60920.0|
||2006|58182.0|
||2007|55166.0|
||2008|54326.0|
||2009|54211.0|
||2010|50657.0|
||2011|51317.0|
||2012|49617.0|
||2013|50008.0|
||2014|48590.0|
||2015|41408.0|
||2016|39933.0|
||2017|39537.0|
||2018|40484.0|
||2019|42526.0|
||2020|62519.0|
||2021|43244.0|
|Sown Area and 01.13.11.00.00. (Kuşkonmaz) - Decare|2004|30.0|
||2005|30.0|
||2006|25.0|
||2007|27.0|
||2008|25.0|
||2009|433.0|
||2010|430.0|
||2011|428.0|
||2012|18.0|
||2013|193.0|
||2014|193.0|
||2015|193.0|
||2016|416.0|
||2017|518.0|
||2018|488.0|
||2019|499.0|
||2020|1229.0|
||2021|1391.0|
|Sown Area and 01.13.12.00.01. (Lahana (Beyaz)) - Decare|2004|169860.0|
||2005|166990.0|
||2006|164660.0|
||2007|154092.0|
||2008|158258.0|
||2009|158897.0|
||2010|149807.0|
||2011|149413.0|
||2012|146006.0|
||2013|146855.0|
||2014|140133.0|
||2015|142229.0|
||2016|142753.0|
||2017|137593.0|
||2018|132494.0|
||2019|137114.0|
||2020|136400.0|
||2021|132115.0|
|Sown Area and 01.13.12.00.02. (Lahana (Kırmızı)) - Decare|2004|38760.0|
||2005|36980.0|
||2006|37289.0|
||2007|37526.0|
||2008|39603.0|
||2009|39744.0|
||2010|40948.0|
||2011|42209.0|
||2012|45124.0|
||2013|45140.0|
||2014|48843.0|
||2015|49384.0|
||2016|50947.0|
||2017|51890.0|
||2018|51190.0|
||2019|52266.0|
||2020|49585.0|
||2021|49317.0|
|Sown Area and 01.13.12.00.03. (Lahana (Kara Yaprak)) - Decare|2004|74200.0|
||2005|74240.0|
||2006|67323.0|
||2007|69150.0|
||2008|67858.0|
||2009|64201.0|
||2010|61457.0|
||2011|64807.0|
||2012|65020.0|
||2013|63425.0|
||2014|59194.0|
||2015|56732.0|
||2016|55339.0|
||2017|53228.0|
||2018|49752.0|
||2019|48502.0|
||2020|47544.0|
||2021|49400.0|
|Sown Area and 01.13.12.00.04. (Lahana (Brüksel)) - Decare|2004|650.0|
||2005|680.0|
||2006|648.0|
||2007|894.0|
||2008|961.0|
||2009|971.0|
||2010|1045.0|
||2011|1094.0|
||2012|1113.0|
||2013|1153.0|
||2014|1660.0|
||2015|1493.0|
||2016|1820.0|
||2017|1764.0|
||2018|1927.0|
||2019|1574.0|
||2020|1505.0|
||2021|1417.0|
|Sown Area and 01.13.13.00.01. (Karnabahar) - Decare|2004|56090.0|
||2005|55800.0|
||2006|62465.0|
||2007|60756.0|
||2008|64949.0|
||2009|67596.0|
||2010|67913.0|
||2011|69489.0|
||2012|71549.0|
||2013|69950.0|
||2014|70587.0|
||2015|76082.0|
||2016|80057.0|
||2017|80897.0|
||2018|88823.0|
||2019|91032.0|
||2020|88840.0|
||2021|91201.0|
|Sown Area and 01.13.13.00.02. (Brokoli) - Decare|2004|3630.0|
||2005|5710.0|
||2006|10027.0|
||2007|10939.0|
||2008|12532.0|
||2009|13098.0|
||2010|15495.0|
||2011|17220.0|
||2012|18065.0|
||2013|19608.0|
||2014|22926.0|
||2015|25481.0|
||2016|29026.0|
||2017|33204.0|
||2018|37950.0|
||2019|41622.0|
||2020|46645.0|
||2021|50607.0|
|Sown Area and 01.13.14.00.01. (Marul (Kıvırcık)) - Decare|2004|101410.0|
||2005|98900.0|
||2006|91967.0|
||2007|84395.0|
||2008|90415.0|
||2009|87107.0|
||2010|79786.0|
||2011|83264.0|
||2012|86902.0|
||2013|89399.0|
||2014|87062.0|
||2015|87522.0|
||2016|94341.0|
||2017|95385.0|
||2018|92437.0|
||2019|95303.0|
||2020|94401.0|
||2021|96046.0|
|Sown Area and 01.13.14.00.02. (Marul (Göbekli)) - Decare|2004|109760.0|
||2005|109310.0|
||2006|117771.0|
||2007|109863.0|
||2008|113457.0|
||2009|112751.0|
||2010|107685.0|
||2011|103643.0|
||2012|98946.0|
||2013|100337.0|
||2014|104562.0|
||2015|101333.0|
||2016|103901.0|
||2017|97446.0|
||2018|93784.0|
||2019|91439.0|
||2020|93874.0|
||2021|83576.0|
|Sown Area and 01.13.14.00.03. (Marul (İceberg)) - Decare|2004|7560.0|
||2005|18260.0|
||2006|18003.0|
||2007|22459.0|
||2008|22844.0|
||2009|22852.0|
||2010|22423.0|
||2011|24522.0|
||2012|24691.0|
||2013|23503.0|
||2014|23633.0|
||2015|23122.0|
||2016|23274.0|
||2017|27727.0|
||2018|28398.0|
||2019|29119.0|
||2020|29933.0|
||2021|31730.0|
|Sown Area and 01.13.16.00.00. (Ispanak) - Decare|2004|214070.0|
||2005|219020.0|
||2006|213458.0|
||2007|195279.0|
||2008|194538.0|
||2009|193018.0|
||2010|187726.0|
||2011|187027.0|
||2012|184899.0|
||2013|181372.0|
||2014|171145.0|
||2015|165789.0|
||2016|161510.0|
||2017|163729.0|
||2018|163910.0|
||2019|162589.0|
||2020|162379.0|
||2021|150788.0|
|Sown Area and 01.13.17.00.00. (Enginar) - Decare|2004|23570.0|
||2005|27790.0|
||2006|29252.0|
||2007|28357.0|
||2008|28559.0|
||2009|29038.0|
||2010|23644.0|
||2011|25649.0|
||2012|25225.0|
||2013|26660.0|
||2014|26802.0|
||2015|25723.0|
||2016|28354.0|
||2017|29561.0|
||2018|29574.0|
||2019|28732.0|
||2020|27581.0|
||2021|28187.0|
|Sown Area and 01.13.19.00.01. (Kereviz (Sap)) - Decare|2004|1290.0|
||2005|1190.0|
||2006|1175.0|
||2007|1352.0|
||2008|1694.0|
||2009|1182.0|
||2010|1088.0|
||2011|993.0|
||2012|1123.0|
||2013|1170.0|
||2014|1108.0|
||2015|1144.0|
||2016|1162.0|
||2017|1131.0|
||2018|1145.0|
||2019|1131.0|
||2020|868.0|
||2021|707.0|
|Sown Area and 01.13.19.00.02. (Pazı) - Decare|2004|4500.0|
||2005|4500.0|
||2006|4128.0|
||2007|4477.0|
||2008|4457.0|
||2009|4478.0|
||2010|4110.0|
||2011|4040.0|
||2012|4417.0|
||2013|4497.0|
||2014|4063.0|
||2015|3796.0|
||2016|3889.0|
||2017|5277.0|
||2018|6278.0|
||2019|5360.0|
||2020|4757.0|
||2021|4928.0|
|Sown Area and 01.13.19.00.03. (Semizotu) - Decare|2004|2120.0|
||2005|2280.0|
||2006|3078.0|
||2007|2473.0|
||2008|2665.0|
||2009|2664.0|
||2010|3172.0|
||2011|3446.0|
||2012|4062.0|
||2013|4073.0|
||2014|3552.0|
||2015|3488.0|
||2016|3539.0|
||2017|3168.0|
||2018|2513.0|
||2019|2688.0|
||2020|2724.0|
||2021|3823.0|
|Sown Area and 01.13.19.00.04. (Maydanoz) - Decare|2004|46770.0|
||2005|49090.0|
||2006|50930.0|
||2007|43992.0|
||2008|46896.0|
||2009|49217.0|
||2010|48671.0|
||2011|45401.0|
||2012|48681.0|
||2013|49856.0|
||2014|50260.0|
||2015|49641.0|
||2016|49296.0|
||2017|66287.0|
||2018|64268.0|
||2019|75562.0|
||2020|76497.0|
||2021|77957.0|
|Sown Area and 01.13.19.00.05. (Roka) - Decare|2004|2810.0|
||2005|3470.0|
||2006|2882.0|
||2007|3141.0|
||2008|3442.0|
||2009|3704.0|
||2010|4066.0|
||2011|4481.0|
||2012|6434.0|
||2013|7181.0|
||2014|6981.0|
||2015|7017.0|
||2016|8303.0|
||2017|8212.0|
||2018|10381.0|
||2019|12389.0|
||2020|14326.0|
||2021|18155.0|
|Sown Area and 01.13.19.00.06. (Tere) - Decare|2004|2840.0|
||2005|3020.0|
||2006|3500.0|
||2007|3609.0|
||2008|3707.0|
||2009|3626.0|
||2010|3329.0|
||2011|3575.0|
||2012|4447.0|
||2013|6051.0|
||2014|6359.0|
||2015|6653.0|
||2016|5965.0|
||2017|6185.0|
||2018|6556.0|
||2019|6576.0|
||2020|7799.0|
||2021|6975.0|
|Sown Area and 01.13.19.00.07. (Nane) - Decare|2004|8860.0|
||2005|8710.0|
||2006|9894.0|
||2007|9368.0|
||2008|9752.0|
||2009|11141.0|
||2010|11733.0|
||2011|11041.0|
||2012|10469.0|
||2013|10646.0|
||2014|10652.0|
||2015|10577.0|
||2016|10921.0|
||2017|10520.0|
||2018|10134.0|
||2019|12650.0|
||2020|13110.0|
||2021|14256.0|
|Sown Area and 01.13.19.00.08. (Dereotu) - Decare|2004|1800.0|
||2005|2250.0|
||2006|2601.0|
||2007|2613.0|
||2008|2711.0|
||2009|2852.0|
||2010|2978.0|
||2011|2977.0|
||2012|3259.0|
||2013|4167.0|
||2014|4824.0|
||2015|4777.0|
||2016|4763.0|
||2017|7387.0|
||2018|8573.0|
||2019|10431.0|
||2020|10078.0|
||2021|12013.0|
|Sown Area and 01.13.21.00.00. (Karpuz) - Decare|2004|1170740.0|
||2005|1165460.0|
||2006|1090219.0|
||2007|1082076.0|
||2008|1096112.0|
||2009|997205.0|
||2010|956598.0|
||2011|979644.0|
||2012|977322.0|
||2013|979458.0|
||2014|954627.0|
||2015|935458.0|
||2016|919927.0|
||2017|904884.0|
||2018|863610.0|
||2019|833657.0|
||2020|740345.0|
||2021|729485.0|
|Sown Area and 01.13.29.00.00. (Kavun) - Decare|2004|926350.0|
||2005|925430.0|
||2006|887144.0|
||2007|849185.0|
||2008|854895.0|
||2009|826373.0|
||2010|795713.0|
||2011|800794.0|
||2012|796417.0|
||2013|787687.0|
||2014|791488.0|
||2015|790524.0|
||2016|786632.0|
||2017|774106.0|
||2018|735176.0|
||2019|721758.0|
||2020|690904.0|
||2021|668753.0|
|Sown Area and 01.13.31.00.01. (Biber (Salçalık, Kapya)) - Decare|2004|269390.0|
||2005|289010.0|
||2006|292957.0|
||2007|280393.0|
||2008|285194.0|
||2009|280887.0|
||2010|327066.0|
||2011|291327.0|
||2012|298553.0|
||2013|300562.0|
||2014|298351.0|
||2015|308417.0|
||2016|325584.0|
||2017|333132.0|
||2018|346248.0|
||2019|372775.0|
||2020|370031.0|
||2021|377905.0|
|Sown Area and 01.13.31.00.02. (Biber (Dolmalık)) - Decare|2004|184140.0|
||2005|189010.0|
||2006|181104.0|
||2007|167772.0|
||2008|170402.0|
||2009|168780.0|
||2010|165993.0|
||2011|158400.0|
||2012|157876.0|
||2013|155091.0|
||2014|151025.0|
||2015|143626.0|
||2016|147145.0|
||2017|141534.0|
||2018|131351.0|
||2019|122952.0|
||2020|122523.0|
||2021|123388.0|
|Sown Area and 01.13.31.00.03. (Biber (Sivri)) - Decare|2004|327300.0|
||2005|326910.0|
||2006|311520.0|
||2007|303950.0|
||2008|306553.0|
||2009|305249.0|
||2010|318556.0|
||2011|315807.0|
||2012|330647.0|
||2013|331930.0|
||2014|313431.0|
||2015|313149.0|
||2016|316716.0|
||2017|303341.0|
||2018|290885.0|
||2019|277642.0|
||2020|265863.0|
||2021|277868.0|
|Sown Area and 01.13.31.00.04. (Biber (Çarliston)) - Decare|2014|26931.0|
||2015|27425.0|
||2016|26187.0|
||2017|27159.0|
||2018|18040.0|
||2019|19305.0|
||2020|19445.0|
||2021|23228.0|
|Sown Area and 01.13.32.00.01. (Hıyar (Sofralık)) - Decare|2005|388850.0|
||2006|373537.0|
||2007|331231.0|
||2008|325573.0|
||2009|322573.0|
||2010|315795.0|
||2011|310671.0|
||2012|309343.0|
||2013|306172.0|
||2014|307278.0|
||2015|309449.0|
||2016|301888.0|
||2017|289554.0|
||2018|288852.0|
||2019|289287.0|
||2020|260482.0|
||2021|259301.0|
|Sown Area and 01.13.32.00.02. (Hıyar (Turşuluk)) - Decare|2005|72890.0|
||2006|69068.0|
||2007|74726.0|
||2008|76389.0|
||2009|82522.0|
||2010|78769.0|
||2011|77300.0|
||2012|73791.0|
||2013|75553.0|
||2014|75005.0|
||2015|68656.0|
||2016|67362.0|
||2017|68041.0|
||2018|67731.0|
||2019|70895.0|
||2020|77357.0|
||2021|75302.0|
|Sown Area and 01.13.32.00.03. (Acur) - Decare|2004|13100.0|
||2005|13450.0|
||2006|14310.0|
||2007|13145.0|
||2008|19183.0|
||2009|19496.0|
||2010|15180.0|
||2011|14778.0|
||2012|17258.0|
||2013|18004.0|
||2014|18927.0|
||2015|18861.0|
||2016|19749.0|
||2017|22425.0|
||2018|23362.0|
||2019|25740.0|
||2020|23758.0|
||2021|23254.0|
|Sown Area and 01.13.33.00.00. (Patlıcan) - Decare|2004|311640.0|
||2005|307890.0|
||2006|293150.0|
||2007|275415.0|
||2008|268848.0|
||2009|262320.0|
||2010|267540.0|
||2011|253295.0|
||2012|246638.0|
||2013|248619.0|
||2014|242919.0|
||2015|234210.0|
||2016|232963.0|
||2017|214472.0|
||2018|199292.0|
||2019|193067.0|
||2020|182739.0|
||2021|172851.0|
|Sown Area and 01.13.34.00.01. (Domates (Sofralık)) - Decare|2005|1381300.0|
||2006|1369379.0|
||2007|1268421.0|
||2008|1345706.0|
||2009|1267883.0|
||2010|1234345.0|
||2011|1237120.0|
||2012|1282398.0|
||2013|1280103.0|
||2014|1230976.0|
||2015|1257121.0|
||2016|1248324.0|
||2017|1235094.0|
||2018|1175095.0|
||2019|1191772.0|
||2020|1116588.0|
||2021|1070081.0|
|Sown Area and 01.13.34.00.02. (Domates (Salçalık)) - Decare|2005|629860.0|
||2006|569717.0|
||2007|566908.0|
||2008|606346.0|
||2009|601579.0|
||2010|556902.0|
||2011|573062.0|
||2012|609624.0|
||2013|611119.0|
||2014|599314.0|
||2015|614516.0|
||2016|558549.0|
||2017|539647.0|
||2018|519742.0|
||2019|542442.0|
||2020|627784.0|
||2021|581954.0|
|Sown Area and 01.13.39.00.01. (Bamya) - Decare|2004|81320.0|
||2005|76910.0|
||2006|78171.0|
||2007|76697.0|
||2008|78957.0|
||2009|80536.0|
||2010|77153.0|
||2011|75450.0|
||2012|73763.0|
||2013|70161.0|
||2014|64707.0|
||2015|58179.0|
||2016|56047.0|
||2017|51827.0|
||2018|51580.0|
||2019|51557.0|
||2020|53587.0|
||2021|48210.0|
|Sown Area and 01.13.39.00.02. (Kabak (Sakız)) - Decare|2004|114520.0|
||2005|108430.0|
||2006|106042.0|
||2007|97817.0|
||2008|98957.0|
||2009|103773.0|
||2010|101455.0|
||2011|100525.0|
||2012|97550.0|
||2013|93692.0|
||2014|92242.0|
||2015|92099.0|
||2016|95645.0|
||2017|105326.0|
||2018|99777.0|
||2019|96716.0|
||2020|99746.0|
||2021|104968.0|
|Sown Area and 01.13.39.00.03. (Bal Kabağı) - Decare|2004|42510.0|
||2005|44310.0|
||2006|38770.0|
||2007|36765.0|
||2008|36873.0|
||2009|37533.0|
||2010|39936.0|
||2011|41489.0|
||2012|41506.0|
||2013|41057.0|
||2014|40816.0|
||2015|40604.0|
||2016|40372.0|
||2017|37894.0|
||2018|36040.0|
||2019|36950.0|
||2020|36769.0|
||2021|36876.0|
|Sown Area and 01.13.39.00.04. (Kabak (Çerezlik)) - Decare|2004|159230.0|
||2005|172580.0|
||2006|227874.0|
||2007|269158.0|
||2008|249516.0|
||2009|281352.0|
||2010|372572.0|
||2011|488003.0|
||2012|500807.0|
||2013|515808.0|
||2014|552648.0|
||2015|615119.0|
||2016|628441.0|
||2017|649643.0|
||2018|737891.0|
||2019|706894.0|
||2020|763855.0|
||2021|866682.0|
|Sown Area and 01.13.39.00.06. (Kudret Narı) - Decare|2021|65.0|
|Sown Area and 01.13.39.00.07. (Pepino) - Decare|2013|10.0|
||2014|10.0|
||2015|10.0|
||2016|32.0|
||2017|92.0|
||2018|5.0|
||2019|22.0|
||2020|11.0|
||2021|20.0|
|Sown Area and 01.13.41.00.01. (Havuç) - Decare|2004|101140.0|
||2005|94940.0|
||2006|98798.0|
||2007|143367.0|
||2008|129171.0|
||2009|123403.0|
||2010|111876.0|
||2011|122458.0|
||2012|141695.0|
||2013|108643.0|
||2014|104404.0|
||2015|101003.0|
||2016|101080.0|
||2017|108489.0|
||2018|123478.0|
||2019|125772.0|
||2020|109890.0|
||2021|100686.0|
|Sown Area and 01.13.41.00.02. (Şalgam) - Decare|2004|600.0|
||2005|1660.0|
||2006|3347.0|
||2007|1276.0|
||2008|1033.0|
||2009|894.0|
||2010|841.0|
||2011|715.0|
||2012|753.0|
||2013|868.0|
||2014|714.0|
||2015|650.0|
||2016|756.0|
||2017|798.0|
||2018|691.0|
||2019|985.0|
||2020|988.0|
||2021|902.0|
|Sown Area and 01.13.42.00.01. (Sarımsak (Taze)) - Decare|2004|21970.0|
||2005|22460.0|
||2006|22994.0|
||2007|21212.0|
||2008|20777.0|
||2009|20172.0|
||2010|19566.0|
||2011|18695.0|
||2012|20706.0|
||2013|22134.0|
||2014|21658.0|
||2015|20852.0|
||2016|22207.0|
||2017|20966.0|
||2018|20579.0|
||2019|18730.0|
||2020|19539.0|
||2021|25060.0|
|Sown Area and 01.13.42.00.02. (Sarımsak (Kuru)) - Decare|2004|109500.0|
||2005|110000.0|
||2006|83165.0|
||2007|89672.0|
||2008|93057.0|
||2009|93720.0|
||2010|95100.0|
||2011|92725.0|
||2012|117936.0|
||2013|103558.0|
||2014|105572.0|
||2015|108084.0|
||2016|119155.0|
||2017|131451.0|
||2018|133397.0|
||2019|124357.0|
||2020|126664.0|
||2021|133710.0|
|Sown Area and 01.13.43.00.01. (Soğan (Taze)) - Decare|2004|136940.0|
||2005|133810.0|
||2006|131612.0|
||2007|122033.0|
||2008|116892.0|
||2009|112561.0|
||2010|108136.0|
||2011|98369.0|
||2012|97516.0|
||2013|96627.0|
||2014|93858.0|
||2015|90785.0|
||2016|87972.0|
||2017|87393.0|
||2018|86302.0|
||2019|84475.0|
||2020|75306.0|
||2021|70697.0|
|Sown Area and 01.13.43.00.02. (Soğan (Kuru)) - Decare|2004|788000.0|
||2005|772800.0|
||2006|654664.0|
||2007|649228.0|
||2008|656292.0|
||2009|605579.0|
||2010|626979.0|
||2011|661185.0|
||2012|722319.0|
||2013|616324.0|
||2014|600441.0|
||2015|577040.0|
||2016|604026.0|
||2017|576918.0|
||2018|527133.0|
||2019|613588.0|
||2020|684910.0|
||2021|698972.0|
|Sown Area and 01.13.44.00.01. (Pırasa) - Decare|2004|124600.0|
||2005|120200.0|
||2006|114957.0|
||2007|97408.0|
||2008|95237.0|
||2009|93115.0|
||2010|89100.0|
||2011|86564.0|
||2012|86477.0|
||2013|85934.0|
||2014|79607.0|
||2015|79908.0|
||2016|78414.0|
||2017|72989.0|
||2018|77779.0|
||2019|75419.0|
||2020|70958.0|
||2021|67073.0|
|Sown Area and 01.13.49.01.00. (Kırmızı Pancar) - Decare|2004|1710.0|
||2005|2570.0|
||2006|2897.0|
||2007|2679.0|
||2008|2614.0|
||2009|2654.0|
||2010|2548.0|
||2011|2558.0|
||2012|2460.0|
||2013|2372.0|
||2014|2381.0|
||2015|2384.0|
||2016|2522.0|
||2017|2458.0|
||2018|3017.0|
||2019|3883.0|
||2020|2684.0|
||2021|3105.0|
|Sown Area and 01.13.49.02.00. (Kereviz (Kök)) - Decare|2004|8810.0|
||2005|11220.0|
||2006|7945.0|
||2007|7826.0|
||2008|8291.0|
||2009|8421.0|
||2010|7426.0|
||2011|7410.0|
||2012|8455.0|
||2013|8066.0|
||2014|7871.0|
||2015|7816.0|
||2016|8828.0|
||2017|9599.0|
||2018|9511.0|
||2019|9739.0|
||2020|9437.0|
||2021|10503.0|
|Sown Area and 01.13.49.03.01. (Turp (Bayır)) - Decare|2004|12290.0|
||2005|11300.0|
||2006|11750.0|
||2007|10886.0|
||2008|10479.0|
||2009|9953.0|
||2010|9653.0|
||2011|8508.0|
||2012|8205.0|
||2013|9388.0|
||2014|9686.0|
||2015|7142.0|
||2016|6995.0|
||2017|6922.0|
||2018|6593.0|
||2019|6648.0|
||2020|6317.0|
||2021|6372.0|
|Sown Area and 01.13.49.03.02. (Turp (Kırmızı)) - Decare|2004|57280.0|
||2005|59500.0|
||2006|57516.0|
||2007|53727.0|
||2008|55683.0|
||2009|54168.0|
||2010|53043.0|
||2011|53674.0|
||2012|50057.0|
||2013|57467.0|
||2014|55052.0|
||2015|57479.0|
||2016|56954.0|
||2017|56484.0|
||2018|56338.0|
||2019|56304.0|
||2020|57913.0|
||2021|59269.0|
|Sown Area and 01.13.49.03.03. (Turp (Beyaz)) - Decare|2014|431.0|
||2015|1702.0|
||2016|1763.0|
||2017|1842.0|
||2018|1836.0|
||2019|1942.0|
||2020|1444.0|
||2021|1433.0|
|Sown Area and 01.13.80.00.01. (Mantar (Kültür)) - Decare|2020|760.0|
||2021|895.0|
||||
